<?xml version="1.0" encoding="UTF-8"?>
<hdr:Document Id="ID01" xsi:schemaLocation="http://www.exchangenetwork.net/schema/v1.0/ExchangeNetworkDocument.xsd http://www.exchangenetwork.net/schema/v1.0/ExchangeNetworkDocument.xsd" xmlns:hdr="http://www.exchangenetwork.net/schema/v1.0/ExchangeNetworkDocument.xsd" xmlns:xsi="http://www.w3.org/2001/XMLSchema-instance">
	<Header>
		<Author>TK Conrad</Author>
		<Organization>Windsor Solutions, Inc.</Organization>
		<Title>Facility ID - Facility Index Sample Instance Document</Title>
		<CreationTime>2009-04-13T10:30:47-05:00</CreationTime>
		<Comment>This is a sample instance document which provides an example exchange of information using the Facility Count component of the Facility ID schema. This component contains a single element, FacilityCountMeasure, used to support the GetFacilityCount_v3.0 data service.
		
		This is a sample instance document is for educational purposes only. Information found in this document will not reflect actual information for existing facilities. All information was fabricated for the purposes of this example. </Comment>
		<DataService>DataService</DataService>
		<ContactInfo>4000 Kruse Way Place, Blg 2, Ste 285, Lake Oswego, OR, 97035, 503-675-7833, tk_conrad@windsorsolutions.com</ContactInfo>
		<Notification>tk_conrad@windsorsolutions.com</Notification>
		<Sensitivity>Unrestricted</Sensitivity>
		<Property>
			<name>StateCode</name>
			<value>41</value>
		</Property>
	</Header>
	<Payload Operation="Original">
		<facid:FacilityCount schemaVersion="3.0" xsi:schemaLocation="http://www.exchangenetwork.net/schema/facilityid/3 http://www.windsorsolutions.biz/xsd/FACID/FacilityID/index.xsd" xmlns:facid="http://www.exchangenetwork.net/schema/facilityid/3" xmlns:xsi="http://www.w3.org/2001/XMLSchema-instance">
			<facid:FacilityCountMeasure>50</facid:FacilityCountMeasure>
		</facid:FacilityCount>
	</Payload>
</hdr:Document>
